--POBLAR PROFESOR

insert into profesor values (1077423472,'Kristofor','Ingeniero','CC','kianetti0@escuelaing.edu.co','De6V38HJ');
insert into profesor values (1530596993,'Kaylyn','Ingeniero','CC','kfauguel1@escuelaing.edu.co','pQQEsXQidmls');
insert into profesor values (1170367429,'Frederick','Ingeniero','CC','fformilli2@escuelaing.edu.co','m6kaYBR');
insert into profesor values (1565936834,'Florella','Ingeniero','CC','fsanthouse3@escuelaing.edu.co','tQHVJ0b');
insert into profesor values (1186567018,'Kassia','Ingeniero','CC','kbranscomb4@escuelaing.edu.co','hM4Ia47K8');
insert into profesor values (1434319012,'Zondra','Ingeniero','CC','znockells5@escuelaing.edu.co','qbjH3ys');
insert into profesor values (1776802927,'Francyne','Ingeniero','CC','fpeat6@escuelaing.edu.co','oRP3xPnn4O');
insert into profesor values (1030258975,'Johnnie','Ingeniero','CC','jfiddymont7@escuelaing.edu.co','55yQJL');
insert into profesor values (1872457674,'Aluino','Ingeniero','CC','astuckes8@escuelaing.edu.co','ffOuynyu9f');
insert into profesor values (1702044766,'Anallese','Ingeniero','CC','ablumfield9@escuelaing.edu.co','5blEy5et');

--POBLAR DECANATURA
insert into decanatura values (1, 'Sistemas', 1077423472);
insert into decanatura values (2, 'Industrial',1170367429);
insert into decanatura values (3, 'Ambiental', 1565936834);
insert into decanatura values (4, 'Mecanica', 1434319012);
insert into decanatura values (5, 'Electrica', 1776802927);
insert into decanatura values (6, 'Electronica', 1186567018);
insert into decanatura values (7, 'Biomedica', 1030258975);
insert into decanatura values (3, 'Matematicas', 1702044766);
insert into decanatura values (3, 'Administracion', 1872457674);
insert into decanatura values (10, 'Economia', 1530596993);

--POBLAR ESTUDIANTE
insert into estudiante values (2618538, 'Blanch Wettern', 'CC', 1989169068, 'bwettern0@gmail.com', '04/10/2019', 'bwettern0@mail.escuelaing.edu.co', 9, 'otx6psVE', 3, null);
insert into estudiante values (2724628, 'Lester Considine', 'CC', 1746271624, 'lconsidine1@gmail.com', '04/10/2019', 'lconsidine1@mail.escuelaing.edu.co', 6, 'xqlqsNt3vy', 5, null);
insert into estudiante values (2521216, 'Benedikta MacDermott', 'CC', 1307049739, 'bmacdermott2@hotmail.com', '05/10/2019', 'bmacdermott2@mail.escuelaing.edu.co', 3, 'LgIIO9fkJ', 10, null);
insert into estudiante values (2642732, 'Brady Tordiffe', 'CC', 1160299703, 'btordiffe3@hotmail.com', '04/10/2019', 'btordiffe3@mail.escuelaing.edu.co', 5, 'NUUBh3w', 3, null);
insert into estudiante values (2624662, 'Fax Flattman', 'CC', 1894793996, 'fflattman4@gmail.com', '04/10/2019', 'fflattman4@mail.escuelaing.edu.co', 9, 'NSGyxdRH7', 1, null);
insert into estudiante values (2132273, 'Carolan Longhorn', 'CC', 1560447003, 'clonghorn5@gmail.com', '04/10/2019', 'clonghorn5@mail.escuelaing.edu.co', 6, 'asJun7e', 8, null);
insert into estudiante values (2965024, 'Forbes Letts',  'CC', 1454567915, 'fletts6@gmail.com', '04/10/2019', 'fletts6@mail.escuelaing.edu.co', 6, 'Dcg41ZL', 9, null);
insert into estudiante values (2282683, 'Hazlett Maunder', 'CC', 1587568162, 'hmaunder7@gmail.com', '04/10/2019', 'hmaunder7@mail.escuelaing.edu.co', 6, 'AjxEgO', 3, null);
insert into estudiante values (2910217, 'Jacquette Villar', 'CC', 1461475619, 'jvillar8@hotmail.com', '05/10/2019', 'jvillar8@mail.escuelaing.edu.co', 5, 'QTzZRf', 10, null);
insert into estudiante values (2494886, 'Estell Comoletti', 'CC', 1807379347, 'ecomoletti9@hotmail.com', '04/10/2019', 'ecomoletti9@mail.escuelaing.edu.co', 5, 'lFIAm5', 10, null);


--POBLAR CURSO EXTRA
insert into CURSOEXTRACURRICULAR values (1, 'Oneida Stallebrass', 'ABC');
insert into CURSOEXTRACURRICULAR values (2, 'Helenka Felstead', 'DEF');
insert into CURSOEXTRACURRICULAR values (3, 'Casey Jeanneau', 'GHI');
insert into CURSOEXTRACURRICULAR values (4, 'Honey Jeffrey', 'JKL');
insert into CURSOEXTRACURRICULAR values (5, 'Libbie Davoren', 'MNO');
insert into CURSOEXTRACURRICULAR values (6, 'Jobey Yosifov', 'PQR');
insert into CURSOEXTRACURRICULAR values (7, 'Albertina Ingles', 'STU');
insert into CURSOEXTRACURRICULAR values (8, 'Keary Clohessy', 'VWX');
insert into CURSOEXTRACURRICULAR values (9, 'Tabby Mulholland', 'YZA');
insert into CURSOEXTRACURRICULAR values (10, 'Jack Mackrill', 'BCD');


--POBLAR MATERIA
insert into materia values (1, 'Zoolab', 'vsta', 7);
insert into materia values (2, 'Rank', 'kmyd', 2);
insert into materia values (3, 'Tres-Zap', 'htol', 6);
insert into materia values (4, 'Ranking', 'vbel', 2);
insert into materia values (5, 'Zontrax', 'ahal', 9);
insert into materia values (6, 'Stringtough', 'bmor', 2);
insert into materia values (7, 'Span', 'nsch', 5);
insert into materia values (8, 'Zoolabs', 'bhor', 6);
insert into materia values (9, 'Sub-Ex', 'wnel', 7);
insert into materia values (10, 'Zaam-Dox', 'cred', 5);



--POBLAR GRUPO
insert into grupo values (1, 22, '1', 2016, 25,0, 25,null,'ABC',1077423472);
insert into grupo values (2, 23, '1', 2019, 25,0, 25,null,'DEF',1530596993);
insert into grupo values (3, 15, '1', 2019, 25,0, 25,null,'GHI',1170367429);
insert into grupo values (4, 20, '1', 2013, 25,0, 25,null,'JKL',1565936834);
insert into grupo values (5, 20, '1', 2017, 25,0, 25,null,'MNO',1434319012);
insert into grupo values (6, 17, '2', 2012, 25,0, 25,null,'PQR',1872457674);
insert into grupo values (7, 21, '2', 2019, 25,0, 25,'vsta',null,1776802927);
insert into grupo values (8, 25, '2', 2019, 25,0, 25,'kmyd',null,1702044766);
insert into grupo values (9, 20, '2', 2018, 25,0, 25,'htol',null,1186567018);
insert into grupo values (10, 16, 'I', 2019, 25,0, 25,'ahal',null,1530596993);

--POBLAR HORARIO
--LUNES
INSERT INTO HORARIO VALUES (1, '7:00', 'Lunes');
INSERT INTO HORARIO VALUES (2, '8:30', 'Lunes');
INSERT INTO HORARIO VALUES (3, '10:00', 'Lunes');
INSERT INTO HORARIO VALUES (4, '11:30', 'Lunes');
INSERT INTO HORARIO VALUES (5, '1:00', 'Lunes');
INSERT INTO HORARIO VALUES (6, '2:30', 'Lunes');
INSERT INTO HORARIO VALUES (7, '4:00', 'Lunes');
INSERT INTO HORARIO VALUES (8, '5:30', 'Lunes');
--MARTES
INSERT INTO HORARIO VALUES (9, '7:00', 'Martes');
INSERT INTO HORARIO VALUES (10, '8:30', 'Martes');
INSERT INTO HORARIO VALUES (11, '10:00', 'Martes');
INSERT INTO HORARIO VALUES (12, '11:30', 'Martes');
INSERT INTO HORARIO VALUES (13, '1:00', 'Martes');
INSERT INTO HORARIO VALUES (14, '2:30', 'Martes');
INSERT INTO HORARIO VALUES (15, '4:00', 'Martes');
INSERT INTO HORARIO VALUES (16, '5:30', 'Martes');
--MIERCOLES
INSERT INTO HORARIO VALUES (17, '7:00', 'Miercoles');
INSERT INTO HORARIO VALUES (18, '8:30', 'Miercoles');
INSERT INTO HORARIO VALUES (19, '10:00', 'Miercoles');
INSERT INTO HORARIO VALUES (20, '11:30', 'Miercoles');
INSERT INTO HORARIO VALUES (21, '1:00', 'Miercoles');
INSERT INTO HORARIO VALUES (22, '2:30', 'Miercoles');
INSERT INTO HORARIO VALUES (23, '4:00', 'Miercoles');
INSERT INTO HORARIO VALUES (24, '5:30', 'Miercoles');
--JUEVES
INSERT INTO HORARIO VALUES (25, '7:00', 'Jueves');
INSERT INTO HORARIO VALUES (26, '8:30', 'Jueves');
INSERT INTO HORARIO VALUES (27, '10:00', 'Jueves');
INSERT INTO HORARIO VALUES (28, '11:30', 'Jueves');
INSERT INTO HORARIO VALUES (29, '1:00', 'Jueves');
INSERT INTO HORARIO VALUES (30, '2:30', 'Jueves');
INSERT INTO HORARIO VALUES (31, '4:00', 'Jueves');
INSERT INTO HORARIO VALUES (32, '5:30', 'Jueves');
--VIERNES
INSERT INTO HORARIO VALUES (33, '7:00', 'Viernes');
INSERT INTO HORARIO VALUES (34, '8:30', 'Viernes');
INSERT INTO HORARIO VALUES (35, '10:00', 'Viernes');
INSERT INTO HORARIO VALUES (36, '11:30', 'Viernes');
INSERT INTO HORARIO VALUES (37, '1:00', 'Viernes');
INSERT INTO HORARIO VALUES (38, '2:30', 'Viernes');
INSERT INTO HORARIO VALUES (39, '4:00', 'Viernes');
INSERT INTO HORARIO VALUES (40, '5:30', 'Viernes');
--SABADO
INSERT INTO HORARIO VALUES (41, '7:00', 'Sabado');
INSERT INTO HORARIO VALUES (42, '8:30', 'Sabado');
INSERT INTO HORARIO VALUES (43, '10:00', 'Sabado');
INSERT INTO HORARIO VALUES (44, '11:30', 'Sabado');

--POBLAR REGISTRA
insert into registra values (2618538, 1);
insert into registra values (2724628, 2);
insert into registra values (2521216, 3);
insert into registra values (2642732, 4);
insert into registra values (2624662, 5);
insert into registra values (2132273, 6);
insert into registra values (2965024, 7);
insert into registra values (2282683, 8);
insert into registra values (2910217, 9);
insert into registra values (2494886, 10);

--POBLAR SALON
insert into salon values (1, 'H', 21, '1-279');
insert into salon values (2, 'I', 17, '1-230');
insert into salon values (3, 'C', 18, '2-170');
insert into salon values (4, 'D', 16, '301');
insert into salon values (5, 'I', 15, '2-250');
insert into salon values (6, 'A', 25, '209');
insert into salon values (7, 'H', 17, '238');
insert into salon values (8, 'A', 17, '110');
insert into salon values (9, 'C', 16, '1-205');
insert into salon values (10, 'G', 24, '213');

--POBLAR SEDICTAEN
insert into sedictaen values (1, 1);
insert into sedictaen values (2, 2);
insert into sedictaen values (3, 3);
insert into sedictaen values (4, 4);
insert into sedictaen values (5, 5);
insert into sedictaen values (6, 6);
insert into sedictaen values (7, 7);
insert into sedictaen values (8, 8);
insert into sedictaen values (9, 9);
insert into sedictaen values (10, 10);

--POBLAR SEOCUPAPOR
insert into seocupapor values (1, 2);
insert into seocupapor values (2, 30);
insert into seocupapor values (3, 3);
insert into seocupapor values (4, 32);
insert into seocupapor values (5, 4);
insert into seocupapor values (6, 35);
insert into seocupapor values (7, 20);
insert into seocupapor values (8, 3);
insert into seocupapor values (9, 18);
insert into seocupapor values (10, 23);

--POBLAR TIENE
insert into Tiene values (1,1);
insert into Tiene values (2,2);
insert into Tiene values (3,3);
insert into Tiene values (4,4);
insert into Tiene values (5,5);
insert into Tiene values (6,6);
insert into Tiene values (7,7);
insert into Tiene values (8,8);
insert into Tiene values (9,9);
insert into Tiene values (10,10);